,Reference,Accession,Author,Journal,Year,PMID,Sequencing_Name,Sequencing_Technology,Score_Type,Clustering_Method,Clustering_Results_Available,Number_Of_Clusters,Cell_Type_Labels_Available,Identified_Number_Of_Cell_Types,Cell_Type_Information_Summary,Organism,Genome_Build,Broad_Cell_Categories_Present,Tissue_Cell_Type,Disease,Data_Summary,Matrix_Names,Multiple_Matrix_Meaning,Cell_Number,Region_Number,Sparse_Dataset_Available,Dense_Dataset_Available,Link_to_Data,Database,sparse_matrix_link,dense_matrix_link,cell_annotation_link
1,Satpathy_NatureBiotech_2019,GSE129785,Satpathy,Nature Biotech,2019,31375813,scATAC-seq,10x Genomics Chromium,raw counts,Seurat SNN graph clustering,N,31,N,31,31 different cell types present (MPP + multipotent progenitor; LMPP + lymphoid-primed multipotent progenitor; CLP + common lymphoid progenitor; MEP + megakaryocyte-erythroid progenitor; BMP + basophil-mast cell progenitor; N CD4 + naive CD4 T cell; N CD8 + naive CD8 T cell; M CD4 + memory CD4 T cell; CD8 CM + CD8 central memory T cell; CD8 EM + CD8 effector memory T cell; Imm NK + immature natural killer cell; Mat NK + mature natural killer cell; Neut + neutrophil; Meg + megakaryocyte; Ery + erythrocyte; Eos + eosinophil; Baso + basophil,Homo sapiens,hg19,Hematopoietic + Immune + TME,Blood,Normal,Bone marrow samples taken from 16 patients.,Hematopoiesis ,Matrix for Hematopoiesis + PBMC fresh + PBMC Frozen + TME cells,63882,571400,Y,N,https://www.ncbi.nlm.nih.gov/geo/query/acc.cgi?acc=GSE129785,GEO,https://ndownloader.figshare.com/files/28215150?private_link=6c47b3f8ba27066cf95a,,
2,Satpathy_NatureBiotech_2019,GSE129785,Satpathy,Nature Biotech,2019,31375813,scATAC-seq,10x Genomics Chromium,raw counts,Seurat SNN graph clustering,N,31,N,31,31 different cell types present (MPP + multipotent progenitor; LMPP + lymphoid-primed multipotent progenitor; CLP + common lymphoid progenitor; MEP + megakaryocyte-erythroid progenitor; BMP + basophil-mast cell progenitor; N CD4 + naive CD4 T cell; N CD8 + naive CD8 T cell; M CD4 + memory CD4 T cell; CD8 CM + CD8 central memory T cell; CD8 EM + CD8 effector memory T cell; Imm NK + immature natural killer cell; Mat NK + mature natural killer cell; Neut + neutrophil; Meg + megakaryocyte; Ery + erythrocyte; Eos + eosinophil; Baso + basophil,Homo sapiens,hg19,Hematopoietic + Immune + TME,PBMCs,Normal,Peripheral blood sample taken from 16 patients.,PBMC_Fresh,Matrix for Hematopoiesis + PBMC fresh + PBMC Frozen + TME cells,4146,238616,Y,Y,https://www.ncbi.nlm.nih.gov/geo/query/acc.cgi?acc=GSE129785,GEO,https://ndownloader.figshare.com/files/28215156?private_link=6c47b3f8ba27066cf95a,https://ndownloader.figshare.com/files/28209462?private_link=6c47b3f8ba27066cf95a,
3,Satpathy_NatureBiotech_2019,GSE129785,Satpathy,Nature Biotech,2019,31375813,scATAC-seq,10x Genomics Chromium,raw counts,Seurat SNN graph clustering,N,31,N,31,31 different cell types present (MPP + multipotent progenitor; LMPP + lymphoid-primed multipotent progenitor; CLP + common lymphoid progenitor; MEP + megakaryocyte-erythroid progenitor; BMP + basophil-mast cell progenitor; N CD4 + naive CD4 T cell; N CD8 + naive CD8 T cell; M CD4 + memory CD4 T cell; CD8 CM + CD8 central memory T cell; CD8 EM + CD8 effector memory T cell; Imm NK + immature natural killer cell; Mat NK + mature natural killer cell; Neut + neutrophil; Meg + megakaryocyte; Ery + erythrocyte; Eos + eosinophil; Baso + basophil,Homo sapiens,hg19,Hematopoietic + Immune + TME,PBMCs,Normal,Frozen peripheral blood sample taken from 16 patients.,PBMC_Frozen,Matrix for Hematopoiesis + PBMC fresh + PBMC Frozen + TME cells,4786,152367,Y,Y,https://www.ncbi.nlm.nih.gov/geo/query/acc.cgi?acc=GSE129785,GEO,https://ndownloader.figshare.com/files/28215159?private_link=6c47b3f8ba27066cf95a,https://ndownloader.figshare.com/files/28209456?private_link=6c47b3f8ba27066cf95a,
4,Satpathy_NatureBiotech_2019,GSE129785,Satpathy,Nature Biotech,2019,31375813,scATAC-seq,10x Genomics Chromium,raw counts,Seurat SNN graph clustering,N,31,N,31,31 different cell types present (MPP + multipotent progenitor; LMPP + lymphoid-primed multipotent progenitor; CLP + common lymphoid progenitor; MEP + megakaryocyte-erythroid progenitor; BMP + basophil-mast cell progenitor; N CD4 + naive CD4 T cell; N CD8 + naive CD8 T cell; M CD4 + memory CD4 T cell; CD8 CM + CD8 central memory T cell; CD8 EM + CD8 effector memory T cell; Imm NK + immature natural killer cell; Mat NK + mature natural killer cell; Neut + neutrophil; Meg + megakaryocyte; Ery + erythrocyte; Eos + eosinophil; Baso + basophil,Homo sapiens,hg19,Hematopoietic + Immune + TME,TME,Basal Cell Carcinoma,"Samples taken from site-matched serial tumor biopsies pre- and post-PD-1 blockade (pembrolizumab) from five patients, plus post-therapy biopsies from two additional patients.",TME,Matrix for Hematopoiesis + PBMC fresh + PBMC Frozen + TME cells,37818,580789,Y,N,https://www.ncbi.nlm.nih.gov/geo/query/acc.cgi?acc=GSE129785,GEO,https://ndownloader.figshare.com/files/28215141?private_link=6c47b3f8ba27066cf95a,,
5,Buenrostro_Cell_2018,GSE96769,Buenrostro,Cell,2018,29706549,scATAC-seq,C1 Single-Cell Auto Prep System (Fluidigm) ,raw counts,Hierarchical clustering of single-cell epigenomic profiles using TF Z scores,N,10,N,9,HSC + LMMP + GMP + CLP + MPP + CMP + MEP + pDC + Mono,Homo sapiens,hg19,Hematopoietic,Bone Marrow Cells,Normal,"6 human donors of CD34 human bone marrow, each progenitor population assayed from two or more donors.",CD34_Bone_Marrow,N/A,2953,491437,Y,Y,https://www.ncbi.nlm.nih.gov/geo/query/acc.cgi?acc=GSE96769,GEO,https://ndownloader.figshare.com/files/27404924?private_link=84d19eb1f1df6729de38,,
6,Corces_NatureGenetics_2016 ,GSE74310,Corces,Nature Genetics,2016,27526324,scATAC-seq,C1 Single-Cell Auto Prep System (Fluidigm) ,raw counts,Unsupervised clustering using Pearson correlation as distance metric,N,13,N,13,HSC + MPP + LMPP + CMP + GMP + MEP + Mono + Ery + CLP + CD4 + CD8 + B + NK,Homo sapiens,hg19,Hematopoietic + Stem + Leukemia + Immune,Monocytes + Lymphoid-primed multipotent progenitor cells + Acute myeloid leukemia (blast and stem cells),Normal + Acute myeloid leukemia ,"Blood cell samples taken from donor bone marrow or peripheral blood, 3-4 donors for each of 13 distinct cellular populations. 9 Healthy patients and 12 acute myeloid leukemia patients.",Blood_and_Bone_Marrow,N/A,576,590650,Y,Y,https://www.ncbi.nlm.nih.gov/geo/query/acc.cgi?acc=GSE74310,GEO,https://ndownloader.figshare.com/files/27404984?private_link=bc8af26a5bf013de2e39,https://ndownloader.figshare.com/files/27404987?private_link=bc8af26a5bf013de2e39,
7,Cusanovich_Cell_2018,GSE111586,Cusanovich,Cell,2018,30078704,scATAC-seq,C1 Single-Cell Auto Prep System (Fluidigm) ,TFIDF normalized counts,Louvain clustering & t-SNE,Y,30,Y,18,Hematopoietic progenitors + Enterocytes + B Cells + Purkinje Cells + Cerebellar Granule cells + Inhibitory Neurons + Macrophages + Dendritic cells + Erythroblasts + Monocytes + T cells +NK cells + Astrocytes + Endothelial cells + Podocytes + Pneumocytes + Cardiomyocytes + Hepatocytes,Mus musculus,mm9,Neuronal + Muscle + Epithelial + Hematopoietic + Immune + Small Intestine + Large Intestine + Heart + Kidney + Liver + Lung + Spleen + Testes,Bone Marrow + Cerebellum + Large Intestine + Large Intestine + Heart + Small Intestine + Kidney + Liver + Lung A + Lung B + Prefrontal Cortex  Spleen + Testes + Thymus + Whole Brain + Whole Brain,Normal,"13 distinct tissue samples from healthy organs of a 8 week old mouse, 4 tissue replicates taken from a second mouse.",Multi_Organ,N/A,81173,167013,Y,N,https://atlas.gs.washington.edu/mouse-atac/data/,GEO,https://ndownloader.figshare.com/files/27405062?private_link=21dece444f6f3fe31b64,,https://ndownloader.figshare.com/files/27405020?private_link=21dece444f6f3fe31b64
8,Jansen_PLoSComputationalBiology_2019,GSE89362,Jansen,PLOS Computational Biology,2019,31682608,scATAC-seq,C1 Single-Cell Auto Prep System (Fluidigm) ,raw counts,SOM clustering,N,107,N,N/A,pre-B cells + used SOM clustering for gene accessibility clustering,Mus musculus,mm10,Immune,Various differentiated B3 cell,Normal,"ERt2-Ikaros inducible B3 cells were cultured, and sequenced before and after differentiation.",Differentiated_B3_Cells,N/A,227,20103,Y,Y,https://www.ncbi.nlm.nih.gov/geo/query/acc.cgi?acc=GSE89362,GEO,https://ndownloader.figshare.com/files/27405767?private_link=f3e73d1840b3cc70d0c5,https://ndownloader.figshare.com/files/27405764?private_link=f3e73d1840b3cc70d0c5,
9,Cusanovich_Science_2015,GSE67446,Cusanovich,Science,2015,25953818,scATAC-seq,MiSeq (Illumina) + v2 300 cycle kit,raw counts,Hierarchical clustering,N,2,N,2,DHS clustering used to differentiate between Patski and GM12878 cell lines,Homo sapiens,hg19,Hematopoietic,Human Lympoblastoid cells,Normal,Cell cultures from human GM12878 cell line (lymphoblastoid cell line).,Human_GM12878,Human vs Mouse Patski cell line matrices,533,73393,Y,Y,https://www.ncbi.nlm.nih.gov/geo/query/acc.cgi?acc=GSE67446,GEO,https://ndownloader.figshare.com/files/27406298?private_link=ee120947da8ac53cdaf1,https://ndownloader.figshare.com/files/27406295?private_link=ee120947da8ac53cdaf1,
10,Cusanovich_Science_2015,GSE67446,Cusanovich,Science,2015,25953818,scATAC-seq,MiSeq (Illumina) + v2 300 cycle kit,raw counts,Hierarchical clustering,N,2,N,2,DHS clustering used to differentiate between Patski and GM12878 cell lines,Mus musculus,mm9,Kidney + Embryonic,Mouse embryonic kidney cells,Normal,Cell cultures from mouse Patski cell line (embryonic kidney cell line).,Patski,Human vs Mouse Patski cell line matrices,533,84377,Y,Y,https://www.ncbi.nlm.nih.gov/geo/query/acc.cgi?acc=GSE67446,GEO,https://ndownloader.figshare.com/files/27406292?private_link=ee120947da8ac53cdaf1,https://ndownloader.figshare.com/files/27406289?private_link=ee120947da8ac53cdaf1,
11,Cusanovich_Nature_2018,GSE101581,Cusanovich,Science,2018,29539636,scATAC-seq,NextSeq High output 300 cycle kit,raw counts,Density peak clustering algorithm from Monocle 2,Y,18,N,8,cells identified as likely developing into tissues including CNS + ectoderm + trachea + fore & hindgut + muscle + midgut + haemocytes + fat body,Drosophila melanogaster,dm3,Embryonic,Embryonic cells in process of developing into many different tissue types,Normal,Differentiating embryonics cells from drosophila sequenced between 2-4 hour timepoint.,2_to_4_hour,"Matrices for cells sequenced 2-4hr, 6-8hr, and 10-12hrs after egg laying",8024,53133,Y,Y,https://www.ncbi.nlm.nih.gov/geo/query/acc.cgi?acc=GSE101581,GEO,https://ndownloader.figshare.com/files/27406304?private_link=7a0e9c9ef4a8019736b9,https://ndownloader.figshare.com/files/28213755?private_link=7a0e9c9ef4a8019736b9,https://ndownloader.figshare.com/files/27406313?private_link=7a0e9c9ef4a8019736b9
12,Cusanovich_Nature_2018,GSE101581,Cusanovich,Science,2018,29539636,scATAC-seq,NextSeq High output 300 cycle kit,raw counts,Density peak clustering algorithm from Monocle 2,Y,18,N,8,cells identified as likely developing into tissues including CNS + ectoderm + trachea + fore & hindgut + muscle + midgut + haemocytes + fat body,Drosophila melanogaster,dm3,Embryonic,Embryonic cells in process of developing into many different tissue types,Normal,Differentiating embryonics cells from drosophila sequenced between 6-8 hour timepoint.,6_to_8_hour,"Matrices for cells sequenced 2-4hr, 6-8hr, and 10-12hrs after egg laying",7880,53133,Y,Y,https://www.ncbi.nlm.nih.gov/geo/query/acc.cgi?acc=GSE101581,GEO,https://ndownloader.figshare.com/files/27406307?private_link=7a0e9c9ef4a8019736b9,https://ndownloader.figshare.com/files/28213758?private_link=7a0e9c9ef4a8019736b9,https://ndownloader.figshare.com/files/27406316?private_link=7a0e9c9ef4a8019736b9
13,Cusanovich_Nature_2018,GSE101581,Cusanovich,Science,2018,29539636,scATAC-seq,NextSeq High output 300 cycle kit,raw counts,Density peak clustering algorithm from Monocle 2,Y,18,N,8,cells identified as likely developing into tissues including CNS + ectoderm + trachea + fore & hindgut + muscle + midgut + haemocytes + fat body,Drosophila melanogaster,dm3,Embryonic,Embryonic cells in process of developing into many different tissue types,Normal,Differentiating embryonics cells from drosophila sequenced between 10-12 hour timepoint.,10_to_12_hour,"Matrices for cells sequenced 2-4hr, 6-8hr, and 10-12hrs after egg laying",7181,53133,Y,Y,https://www.ncbi.nlm.nih.gov/geo/query/acc.cgi?acc=GSE101581,GEO,https://ndownloader.figshare.com/files/27406310?private_link=7a0e9c9ef4a8019736b9,https://ndownloader.figshare.com/files/28213752?private_link=7a0e9c9ef4a8019736b9,https://ndownloader.figshare.com/files/27406301?private_link=7a0e9c9ef4a8019736b9
14,Abbasi_Cell_2020,GSE131600,Abbasi,Cell,2020,32755548,scATAC-seq,10x Genomics Chromium,raw counts,N/A (scATAC-seq clustering not performed),N,N/A,N,3,"cells from different wound sites, contained mostly fibroblasts, epithelial cells, and mesenchymal cells from uninjured skin, small wounds, and large wounds",Mus musculus,mm10,Fibroblast,Fibroblast cells,Healing wound,Cells from center of large wounds on 3 female mice were sampled and sequenced. All cells included are from healing wound sites.,Healing_Wound,N/A,1578,94497,Y,Y,https://www.ncbi.nlm.nih.gov/geo/query/acc.cgi?acc=GSE131600,GEO,https://ndownloader.figshare.com/files/27406415?private_link=a1fc5ce470752a3c0329,https://ndownloader.figshare.com/files/27406412?private_link=a1fc5ce470752a3c0329,
15,Abdelsamed_NatureImmunology_2020,GSE144692,Abdelsamed,Nature Immunology,2020,32231298,scATAC-seq,10x Genomics Chromium + HiSeq4000 + NovaSeq 6000,raw counts,K Nearest Neighbor using SNAP-ATAC pipeline,N,8,Y,3,Naive + T EM + Tetramer T cells,Homo sapiens,hg19,Immune,Polyclonal Naive CD8 T cells,Diabetes,Naive T cells isolated from samples of 3 type 1 Diabetes patients.,Naive_T,"Matrices for tissue and donors: Polyclonal Naive CD8 T cells, Polyclonal TEM CD8 T cells, and 3 matrices for Tetramer+ T1D CD8 T cells from 3 donors (TET 10, TET 1, TET 7)",246196,42858,Y,N,https://www.ncbi.nlm.nih.gov/geo/query/acc.cgi?acc=GSE144692,GEO,https://ndownloader.figshare.com/files/27803901?private_link=a9f623ae0412be0615b3,,https://ndownloader.figshare.com/files/27406430?private_link=a9f623ae0412be0615b3
16,Abdelsamed_NatureImmunology_2020,GSE144692,Abdelsamed,Nature Immunology,2020,32231298,scATAC-seq,10x Genomics Chromium + HiSeq4000 + NovaSeq 6000,raw counts,K Nearest Neighbor using SNAP-ATAC pipeline,N,8,Y,3,Naive + T EM + Tetramer T cells,Homo sapiens,hg19,Immune,Polyclonal TEM CD8 T cells,Diabetes,Effector memory T cells isolated from samples of 3 type 1 Diabetes patients.,TEM_T,"Matrices for tissue and donors: Polyclonal Naive CD8 T cells, Polyclonal TEM CD8 T cells, and 3 matrices for Tetramer+ T1D CD8 T cells from 3 donors (TET 10, TET 1, TET 7)",244374,42963,Y,N,https://www.ncbi.nlm.nih.gov/geo/query/acc.cgi?acc=GSE144692,GEO,https://ndownloader.figshare.com/files/27803916?private_link=a9f623ae0412be0615b3,,https://ndownloader.figshare.com/files/27406433?private_link=a9f623ae0412be0615b3
17,Abdelsamed_NatureImmunology_2020,GSE144692,Abdelsamed,Nature Immunology,2020,32231298,scATAC-seq,10x Genomics Chromium + HiSeq4000 + NovaSeq 6000,raw counts,K Nearest Neighbor using SNAP-ATAC pipeline,N,8,Y,3,Naive + T EM + Tetramer T cells,Homo sapiens,hg19,Immune,Tetramer+ T1D CD8 T cells,Diabetes,Tetramer+ T1D CD8 T cells isolated from samples of 3 type 1 Diabetes patients.,Tetramer_T_10,"Matrices for tissue and donors: Polyclonal Naive CD8 T cells, Polyclonal TEM CD8 T cells, and 3 matrices for Tetramer+ T1D CD8 T cells from 3 donors (TET 10, TET 1, TET 7)",246942,50374,Y,N,https://www.ncbi.nlm.nih.gov/geo/query/acc.cgi?acc=GSE144692,GEO,https://ndownloader.figshare.com/files/27803883?private_link=a9f623ae0412be0615b3,,https://ndownloader.figshare.com/files/27406442?private_link=a9f623ae0412be0615b3
18,Abdelsamed_NatureImmunology_2020,GSE144692,Abdelsamed,Nature Immunology,2020,32231298,scATAC-seq,10x Genomics Chromium + HiSeq4000 + NovaSeq 6000,raw counts,K Nearest Neighbor using SNAP-ATAC pipeline,N,8,Y,3,Naive + T EM + Tetramer T cells,Homo sapiens,hg19,Immune,Tetramer+ T1D CD8 T cells,Diabetes,Tetramer+ T1D CD8 T cells isolated from samples of 3 type 1 Diabetes patients.,Tetramer_T_1,"Matrices for tissue and donors: Polyclonal Naive CD8 T cells, Polyclonal TEM CD8 T cells, and 3 matrices for Tetramer+ T1D CD8 T cells from 3 donors (TET 10, TET 1, TET 7)",205541,44004,Y,N,https://www.ncbi.nlm.nih.gov/geo/query/acc.cgi?acc=GSE144692,GEO,https://ndownloader.figshare.com/files/27803886?private_link=a9f623ae0412be0615b3,,https://ndownloader.figshare.com/files/27406436?private_link=a9f623ae0412be0615b3
19,Abdelsamed_NatureImmunology_2020,GSE144692,Abdelsamed,Nature Immunology,2020,32231298,scATAC-seq,10x Genomics Chromium + HiSeq4000 + NovaSeq 6000,raw counts,K Nearest Neighbor using SNAP-ATAC pipeline,N,8,Y,3,Naive + T EM + Tetramer T cells,Homo sapiens,hg19,Immune,Tetramer+ T1D CD8 T cells,Diabetes,Tetramer+ T1D CD8 T cells isolated from samples of 3 type 1 Diabetes patients.,Tetramer_T_7,"Matrices for tissue and donors: Polyclonal Naive CD8 T cells, Polyclonal TEM CD8 T cells, and 3 matrices for Tetramer+ T1D CD8 T cells from 3 donors (TET 10, TET 1, TET 7)",179570,45422,Y,N,https://www.ncbi.nlm.nih.gov/geo/query/acc.cgi?acc=GSE144692,GEO,https://ndownloader.figshare.com/files/27803892?private_link=a9f623ae0412be0615b3,,https://ndownloader.figshare.com/files/27406439?private_link=a9f623ae0412be0615b3
20,Muench_Nature_2020,GSE142358,Muench,Nature,2020,32494068,scATAC-seq,10x Genomics Chromium + NovaSeq 6000,raw counts,K Nearest Neighbor using SNAP-ATAC pipeline,Y,19,Y,19,basophil + cMoP + DC + Eosinophils + Eryth + HSCP/MPP + IG2 + immNeu + Mast cell + MDP + Meg + Mono + MP + 2 groups of Multi-Lineage + 3 groups of PreNeu + 2 groups of proNeu,Mus musculus,mm10,Hematopoietic + Immune + Stem,Mixed Bone Marrow + Blood + Immune cells,Normal,Mouse bone marrow samples sequences from wild type mouse.,WildType_3531,"1 Matrix per replicate: 2 Wildtype mouse matrix, one  Gfi1-R412X-R412X (neutropenia) mutation matrix",14766,129477,Y,Y,https://www.ncbi.nlm.nih.gov/geo/query/acc.cgi?acc=GSE142358,GEO,https://ndownloader.figshare.com/files/27406457?private_link=59a2d0bd2ecde2788604,https://ndownloader.figshare.com/files/28214628?private_link=59a2d0bd2ecde2788604,https://ndownloader.figshare.com/files/27913761?private_link=59a2d0bd2ecde2788604
21,Muench_Nature_2020,GSE142358,Muench,Nature,2020,32494068,scATAC-seq,10x Genomics Chromium + NovaSeq 6000,raw counts,K Nearest Neighbor using SNAP-ATAC pipeline,Y,19,Y,19,basophil + cMoP + DC + Eosinophils + Eryth + HSCP/MPP + IG2 + immNeu + Mast cell + MDP + Meg + Mono + MP + 2 groups of Multi-Lineage + 3 groups of PreNeu + 2 groups of proNeu,Mus musculus,mm10,Hematopoietic + Immune + Stem,Mixed Bone Marrow + Blood + Immune cells,Normal,Mouse bone marrow samples sequences from wild type mouse.,Wildtype_3534,"1 Matrix per replicate: 2 Wildtype mouse matrix, one  Gfi1-R412X-R412X (neutropenia) mutation matrix",11220,126849,Y,Y,https://www.ncbi.nlm.nih.gov/geo/query/acc.cgi?acc=GSE142358,GEO,https://ndownloader.figshare.com/files/27406463?private_link=59a2d0bd2ecde2788604,https://ndownloader.figshare.com/files/28214637?private_link=59a2d0bd2ecde2788604,https://ndownloader.figshare.com/files/27913755?private_link=59a2d0bd2ecde2788604
22,Muench_Nature_2020,GSE142358,Muench,Nature,2020,32494068,scATAC-seq,10x Genomics Chromium + NovaSeq 6000,raw counts,K Nearest Neighbor using SNAP-ATAC pipeline,Y,19,Y,19,basophil + cMoP + DC + Eosinophils + Eryth + HSCP/MPP + IG2 + immNeu + Mast cell + MDP + Meg + Mono + MP + 2 groups of Multi-Lineage + 3 groups of PreNeu + 2 groups of proNeu,Mus musculus,mm10,Hematopoietic + Immune + Stem,Mixed Bone Marrow + Blood + Immune cells,Neutropenia,Mouse bone marrow samples sequences from R412X mutated mouse.,R412X,"1 Matrix per replicate: 2 Wildtype mouse matrix, one  Gfi1-R412X-R412X (neutropenia) mutation matrix",15767,96734,Y,Y,https://www.ncbi.nlm.nih.gov/geo/query/acc.cgi?acc=GSE142358,GEO,https://ndownloader.figshare.com/files/27406469?private_link=59a2d0bd2ecde2788604,https://ndownloader.figshare.com/files/28214643?private_link=59a2d0bd2ecde2788604,https://ndownloader.figshare.com/files/27913758?private_link=59a2d0bd2ecde2788604
23,Wang_CancerDiscovery_2019,GSE138794,Wang,Cancer Discovery,2019,31554641,scATAC-seq,10x Genomics Chromium,raw counts,Seurat SNN graph clustering,N,3,N,4,Oligodendrocytes + Endothelial + Astrocyte + Myeloid,Homo sapiens,hg38,Neuronal + Immune + Endothelial + TME,Oligodendrocytes + Astrocytes + Myeloid cells + Endothelial cells,Astrocytoma,"Glioma sample from primary progression tumor of 64 year old male, IDHR132H mutant Astrocytoma variation.",Glioma_Patient_SF11964,"matrix for each sample of untreated glioma from a different patient, 6 matrices in total",6284,79730,Y,Y,https://www.ncbi.nlm.nih.gov/geo/query/acc.cgi?acc=GSE138794,GEO,https://ndownloader.figshare.com/files/27406529?private_link=4e0c20d37f7720114a58,https://ndownloader.figshare.com/files/27406562?private_link=4e0c20d37f7720114a58,
24,Wang_CancerDiscovery_2019,GSE138794,Wang,Cancer Discovery,2019,31554641,scATAC-seq,10x Genomics Chromium,raw counts,Seurat SNN graph clustering,N,3,N,4,Oligodendrocytes + Endothelial + Astrocyte + Myeloid,Homo sapiens,hg38,Neuronal + Immune + Endothelial + TME,Oligodendrocytes + Astrocytes + Myeloid cells + Endothelial cells,Astrocytoma,"Glioma sample from primary progression tumor of 55 year old male, IDH1 Mutant astrocytoma G2 variation.",Glioma_Patient_SF12017,"matrix for each sample of untreated glioma from a different patient, 6 matrices in total",129,1169,Y,Y,https://www.ncbi.nlm.nih.gov/geo/query/acc.cgi?acc=GSE138794,GEO,https://ndownloader.figshare.com/files/27406535?private_link=4e0c20d37f7720114a58,https://ndownloader.figshare.com/files/27406532?private_link=4e0c20d37f7720114a58,
25,Wang_CancerDiscovery_2019,GSE138794,Wang,Cancer Discovery,2019,31554641,scATAC-seq,10x Genomics Chromium,raw counts,Seurat SNN graph clustering,N,3,N,4,Oligodendrocytes + Endothelial + Astrocyte + Myeloid,Homo sapiens,hg38,Neuronal + Immune + Endothelial + TME,Oligodendrocytes + Astrocytes + Myeloid cells + Endothelial cells,Oligodendroglioma,"Glioma sample from primary progression tumor of 40 year old male, IDH1 mutant oligodendroglioma.",Glioma_Patient_SF11949,"matrix for each sample of untreated glioma from a different patient, 6 matrices in total",5213,210434,Y,Y,https://www.ncbi.nlm.nih.gov/geo/query/acc.cgi?acc=GSE138794,GEO,https://ndownloader.figshare.com/files/27406538?private_link=4e0c20d37f7720114a58,https://ndownloader.figshare.com/files/28214790?private_link=4e0c20d37f7720114a58,
26,Wang_CancerDiscovery_2019,GSE138794,Wang,Cancer Discovery,2019,31554641,scATAC-seq,10x Genomics Chromium,raw counts,Seurat SNN graph clustering,N,3,N,4,Oligodendrocytes + Endothelial + Astrocyte + Myeloid,Homo sapiens,hg38,Neuronal + Immune + Endothelial + TME,Oligodendrocytes + Astrocytes + Myeloid cells + Endothelial cells,Oligodendroglioma,"Glioma sample from recurrent progression tumor of 67 year old male, oligodendroglioma variation.",Glioma_Patient_SF11612,"matrix for each sample of untreated glioma from a different patient, 6 matrices in total",5519,183847,Y,Y,https://www.ncbi.nlm.nih.gov/geo/query/acc.cgi?acc=GSE138794,GEO,https://ndownloader.figshare.com/files/27406544?private_link=4e0c20d37f7720114a58,https://ndownloader.figshare.com/files/28214796?private_link=4e0c20d37f7720114a58,
27,Wang_CancerDiscovery_2019,GSE138794,Wang,Cancer Discovery,2019,31554641,scATAC-seq,10x Genomics Chromium,raw counts,Seurat SNN graph clustering,N,3,N,4,Oligodendrocytes + Endothelial + Astrocyte + Myeloid,Homo sapiens,hg38,Neuronal + Immune + Endothelial + TME,Oligodendrocytes + Astrocytes + Myeloid cells + Endothelial cells,Glioblastoma,"Glioma sample from primary progression tumor of 76 year old female, IDHR132H WT Glioblastoma variation.",Glioma_Patient_SF11979,"matrix for each sample of untreated glioma from a different patient, 6 matrices in total",2229,40907,Y,Y,https://www.ncbi.nlm.nih.gov/geo/query/acc.cgi?acc=GSE138794,GEO,https://ndownloader.figshare.com/files/27406550?private_link=4e0c20d37f7720114a58,https://ndownloader.figshare.com/files/27406547?private_link=4e0c20d37f7720114a58,
28,Wang_CancerDiscovery_2019,GSE138794,Wang,Cancer Discovery,2019,31554641,scATAC-seq,10x Genomics Chromium,raw counts,Seurat SNN graph clustering,N,3,N,4,Oligodendrocytes + Endothelial + Astrocyte + Myeloid,Homo sapiens,hg38,Neuronal + Immune + Endothelial + TME,Oligodendrocytes + Astrocytes + Myeloid cells + Endothelial cells,Glioblastoma,"Glioma sample from primary progression tumor of 63 year old male, IDHR132H WT Glioblastoma variation.",Glioma_Patient_SF11956,"matrix for each sample of untreated glioma from a different patient, 6 matrices in total",3628,93121,Y,Y,https://www.ncbi.nlm.nih.gov/geo/query/acc.cgi?acc=GSE138794,GEO,https://ndownloader.figshare.com/files/27406559?private_link=4e0c20d37f7720114a58,https://ndownloader.figshare.com/files/27406553?private_link=4e0c20d37f7720114a58,
29,Rubin_Cell_2019,GSE116248,Rubin,Cell,2019,30580963,scATAC-seq,Adapted C1 Single-Cell Auto Prep System (Fluidigm) to preform Perturb-ATAC-seq,raw counts,N/A (scATAC-seq clustering not performed),N,N/A,N,N/A,"No clustering necessary, karinocyte cells during differentiation at different timepoints",Homo sapiens,hg19,Epithelial,primary epidermal cells (primary progenitor keratinocytes),Normal,"Keratinocytes cultured and induced to grow, sequenced at day 0, day 3, and day 6 timepoints of differentiation",Keratinocytes_differentiation,N/A,288,94633,Y,Y,https://www.ncbi.nlm.nih.gov/geo/query/acc.cgi?acc=GSE116248,GEO,https://ndownloader.figshare.com/files/27408086?private_link=fd4187ce9f7609e6aff5,https://ndownloader.figshare.com/files/27408083?private_link=fd4187ce9f7609e6aff5,
30,Duren_PNAS_2018,GSE115970,Duren,PNAS,2018,29987051,scATAC-seq,C1 Single-Cell Auto Prep System (Fluidigm) ,raw counts,Coupled nonnegative matrix factorizations,N,3,N,N/A,"new clustering method to combine scRNA and scATAC data into one clustering method, clustering was done on gene element regions",Mus musculus,mm9,Embryonic,Cultured embryonic stem cells,Normal,"Mouse embryonic stem cells treated with retinoic acid for 4 days, then sequenced",Retinoic_Acid_Stem_Cells,N/A,415,23180,Y,Y,https://www.ncbi.nlm.nih.gov/geo/query/acc.cgi?acc=GSE115970,GEO,https://ndownloader.figshare.com/files/27408092?private_link=6efc925d004e087a180d,https://ndownloader.figshare.com/files/27408089?private_link=6efc925d004e087a180d,
31,Williams_DevelopmentalCell_2019,GSE131688,Williams,Developmental Cell,2019,31639368,scATAC-seq,10x Genomics Chromium,raw counts,K means clustering of chromatin accessibility dynamics using seqMINER platform,N,7,N,N/A,focused on top seven gene accessibility clusters in relation to NC cells,Gallus gallus,galGal5,Neuronal,Embryonic cells + neural crest cells,Normal,"Fertilized chicken egg was incubated, embryonic neural crest cells were sequenced at HH-9 stage (29-33 hours)",Embryonic_Neural_Crest,N/A,1259,225336,Y,Y,https://www.ncbi.nlm.nih.gov/geo/query/acc.cgi?acc=GSE131688,GEO,https://ndownloader.figshare.com/files/27408104?private_link=ca8a7fac0068c3ff6770,https://ndownloader.figshare.com/files/27408098?private_link=ca8a7fac0068c3ff6770,
32,Sinnamon_GenomeResearch_2018,GSE118987,Sinnamon,Genome Research,2018,30936163,scATAC-seq,NextSeq 500,raw counts,Density based clustering using DBSCAN algorithm,N,8,N,4,astrocytes + pyramidal neurons + oligodendrocytes + oligodendrocyte precursor cells,Mus musculus,mm10,Neuronal,Neuronal hippocampus cells,Normal,Two fresh and two frozen (total 4) mouse hippocampi samples,Frozen_and_Fresh_Hippocampi,N/A,3160,183566,Y,Y,https://www.ncbi.nlm.nih.gov/geo/query/acc.cgi?acc=GSE118987,GEO,https://ndownloader.figshare.com/files/27408113?private_link=329978348fbf71c06acc,https://ndownloader.figshare.com/files/27408110?private_link=329978348fbf71c06acc,
33,Ziffra_Nature_2021,cortex-atac,Ziffra,Nature,2021,34616060,scATAC-seq,10x Genomics Chromium,raw counts,Seurat SNN graph clustering,N,25,Y,12,Upper Layer Excitatory Neuron + Deep Layer Excitatory Neuron + Radial Glia + Intermediate Progenitor Cell + Early Excitatory Neuron + Endothelial or Mural Cell + CGE Derived Interneuron + MGE Derived Interneuron + Astrocyte or Oligodendrocyte,Homo sapiens,hg38,Neuronal,radial glia cells (RDGs) + intermediate progenitor cells (IPCs) + excitatory neurons (ENs) + and interneurons,Normal,"Developing human forebrain sampled from six individuals. More cell metadata information (are of brain cell sampled from, etc) included in metadata file in original source.",Primary_Human_Forebrain,N/A,77354,459953,Y,N,https://cells.ucsc.edu/?ds=cortex-atac,UCSC Cell Browser,https://ndownloader.figshare.com/files/28727955?private_link=da5156a20b64afc325ff,,https://figshare.com/ndownloader/files/31349965?private_link=da5156a20b64afc325ff
34,Corces_NatureGenetics_2020,GSE147672,Corces,Nature Genetics,2020,33106633,scATAC-seq,10x Genomics Chromium,raw counts,Iterative LSI clustering using ArchR,N,24,N,6,excitatory neurons + Inhibitory neurons + Microglia + Oligodendrocytes + Astrocytes + OPCs,Homo sapiens,hg38,Neuronal,Isocortex + Striatum + Hippocampus + Substantia nigra,Normal,10 Samples from 4 areas of healthy adult human brain sequenced,Adult_Human_Brain,N/A,70631,444747,Y,N,https://www.ncbi.nlm.nih.gov/geo/query/acc.cgi?acc=GSE147672,GEO,https://ndownloader.figshare.com/files/28730982?private_link=d16cebefa40de4de5eee,,
35,Preissl_Nature_2018,GSE100033,Preissl,Nature,2018,29434377,snATAC-seq (single nucleus),MiSeq (Illumina),raw counts,Density based clustering using snATAC pipeline,N,10,N,6,excitatory neurons + inhibitory neurons + oligodendrocytes + astrocytes + erythromyeloid progenitors + microglia,Mus musculus,mm10,Neuronal,Radial glia + excitatory neurons + inhibitory neurons + astrocytes + erythromyeloid progenitors,Normal,"Mouse forebrain at embryonic day 12.5 developmental stage, 2 samples",Embryonic_Day_12.5,"matrix for each timepoint: e12.5 = embryonic day 12.5, 5 embryonic timepoint matrices (e12.5 to e16.5), 2 postnatal matrices (postnatal day 0, postnatal day 56), embryonic matrices contain 2 replicates differentiated by barcode naming",1084,140102,Y,Y,https://www.ncbi.nlm.nih.gov/geo/query/acc.cgi?acc=GSE100033,GEO,https://ndownloader.figshare.com/files/27408164?private_link=15dc1dd756479cb03be8,https://ndownloader.figshare.com/files/27408161?private_link=15dc1dd756479cb03be8,
36,Preissl_Nature_2018,GSE100033,Preissl,Nature,2018,29434377,snATAC-seq (single nucleus),MiSeq (Illumina),raw counts,Density based clustering using snATAC pipeline,N,10,N,6,excitatory neurons + inhibitory neurons + oligodendrocytes + astrocytes + erythromyeloid progenitors + microglia,Mus musculus,mm10,Neuronal,Radial glia + excitatory neurons + inhibitory neurons + astrocytes + erythromyeloid progenitors,Normal,"Mouse forebrain at embryonic day 13.5 developmental stage, 2 samples",Embryonic_Day_13.5,"matrix for each timepoint: e12.5 = embryonic day 12.5, 5 embryonic timepoint matrices (e12.5 to e16.5), 2 postnatal matrices (postnatal day 0, postnatal day 56), embryonic matrices contain 2 replicates differentiated by barcode naming",1297,140102,Y,Y,https://www.ncbi.nlm.nih.gov/geo/query/acc.cgi?acc=GSE100033,GEO,https://ndownloader.figshare.com/files/27408170?private_link=15dc1dd756479cb03be8,https://ndownloader.figshare.com/files/27408167?private_link=15dc1dd756479cb03be8,
37,Preissl_Nature_2018,GSE100033,Preissl,Nature,2018,29434377,snATAC-seq (single nucleus),MiSeq (Illumina),raw counts,Density based clustering using snATAC pipeline,N,10,N,6,excitatory neurons + inhibitory neurons + oligodendrocytes + astrocytes + erythromyeloid progenitors + microglia,Mus musculus,mm10,Neuronal,Radial glia + excitatory neurons + inhibitory neurons + astrocytes + erythromyeloid progenitors,Normal,"Mouse forebrain at embryonic day 14.5 developmental stage, 2 samples",Embryonic_Day_14.5,"matrix for each timepoint: e12.5 = embryonic day 12.5, 5 embryonic timepoint matrices (e12.5 to e16.5), 2 postnatal matrices (postnatal day 0, postnatal day 56), embryonic matrices contain 2 replicates differentiated by barcode naming",1881,140102,Y,Y,https://www.ncbi.nlm.nih.gov/geo/query/acc.cgi?acc=GSE100033,GEO,https://ndownloader.figshare.com/files/27408176?private_link=15dc1dd756479cb03be8,https://ndownloader.figshare.com/files/27408173?private_link=15dc1dd756479cb03be8,
38,Preissl_Nature_2018,GSE100033,Preissl,Nature,2018,29434377,snATAC-seq (single nucleus),MiSeq (Illumina),raw counts,Density based clustering using snATAC pipeline,N,10,N,6,excitatory neurons + inhibitory neurons + oligodendrocytes + astrocytes + erythromyeloid progenitors + microglia,Mus musculus,mm10,Neuronal,Radial glia + excitatory neurons + inhibitory neurons + astrocytes + erythromyeloid progenitors,Normal,"Mouse forebrain at embryonic day 15.5 developmental stage, 2 samples",Embryonic_Day_15.5,"matrix for each timepoint: e12.5 = embryonic day 12.5, 5 embryonic timepoint matrices (e12.5 to e16.5), 2 postnatal matrices (postnatal day 0, postnatal day 56), embryonic matrices contain 2 replicates differentiated by barcode naming",3826,140102,Y,Y,https://www.ncbi.nlm.nih.gov/geo/query/acc.cgi?acc=GSE100033,GEO,https://ndownloader.figshare.com/files/27408137?private_link=15dc1dd756479cb03be8,https://ndownloader.figshare.com/files/27408134?private_link=15dc1dd756479cb03be8,
39,Preissl_Nature_2018,GSE100033,Preissl,Nature,2018,29434377,snATAC-seq (single nucleus),MiSeq (Illumina),raw counts,Density based clustering using snATAC pipeline,N,10,N,6,excitatory neurons + inhibitory neurons + oligodendrocytes + astrocytes + erythromyeloid progenitors + microglia,Mus musculus,mm10,Neuronal,Radial glia + excitatory neurons + inhibitory neurons + astrocytes + erythromyeloid progenitors,Normal,"Mouse forebrain at embryonic day 16.5 developmental stage, 2 samples",Embryonic_Day_16.5,"matrix for each timepoint: e12.5 = embryonic day 12.5, 5 embryonic timepoint matrices (e12.5 to e16.5), 2 postnatal matrices (postnatal day 0, postnatal day 56), embryonic matrices contain 2 replicates differentiated by barcode naming",1055,140102,Y,Y,https://www.ncbi.nlm.nih.gov/geo/query/acc.cgi?acc=GSE100033,GEO,https://ndownloader.figshare.com/files/27408146?private_link=15dc1dd756479cb03be8,https://ndownloader.figshare.com/files/27408140?private_link=15dc1dd756479cb03be8,
40,Preissl_Nature_2018,GSE100033,Preissl,Nature,2018,29434377,snATAC-seq (single nucleus),MiSeq (Illumina),raw counts,Density based clustering using snATAC pipeline,N,10,N,6,excitatory neurons + inhibitory neurons + oligodendrocytes + astrocytes + erythromyeloid progenitors + microglia,Mus musculus,mm10,Neuronal,Radial glia + excitatory neurons + inhibitory neurons + astrocytes + erythromyeloid progenitors,Normal,"Mouse forebrain at postnatal day 0 (birth) developmental stage, 2 samples",Postnatal_Day_0,"matrix for each timepoint: e12.5 = embryonic day 12.5, 5 embryonic timepoint matrices (e12.5 to e16.5), 2 postnatal matrices (postnatal day 0, postnatal day 56), embryonic matrices contain 2 replicates differentiated by barcode naming",2377,140102,Y,Y,https://www.ncbi.nlm.nih.gov/geo/query/acc.cgi?acc=GSE100033,GEO,https://ndownloader.figshare.com/files/27408152?private_link=15dc1dd756479cb03be8,https://ndownloader.figshare.com/files/27408149?private_link=15dc1dd756479cb03be8,
41,Preissl_Nature_2018,GSE100033,Preissl,Nature,2018,29434377,snATAC-seq (single nucleus),MiSeq (Illumina),raw counts,Density based clustering using snATAC pipeline,N,10,N,6,excitatory neurons + inhibitory neurons + oligodendrocytes + astrocytes + erythromyeloid progenitors + microglia,Mus musculus,mm10,Neuronal,Radial glia + excitatory neurons + inhibitory neurons + astrocytes + erythromyeloid progenitors,Normal,"Mouse forebrain at postnatal day 56 developmental stage, 2 samples",Postnatal_Day_56,"matrix for each timepoint: e12.5 = embryonic day 12.5, 5 embryonic timepoint matrices (e12.5 to e16.5), 2 postnatal matrices (postnatal day 0, postnatal day 56), embryonic matrices contain 2 replicates differentiated by barcode naming",3034,140102,Y,Y,https://www.ncbi.nlm.nih.gov/geo/query/acc.cgi?acc=GSE100033,GEO,https://ndownloader.figshare.com/files/27408158?private_link=15dc1dd756479cb03be8,https://ndownloader.figshare.com/files/27408155?private_link=15dc1dd756479cb03be8,
42,Zhu_Nature_2019,GSE130399,Zhu,Nature,2019,31695190,Paired-seq (scATAC-seq data only),custom procedure for Paired-seq sequencing + HiSeq 2500,raw counts,K Nearest Neighbor using SNAP-ATAC pipeline,N,8,N,4,neuronal progenitors + glutamatergic neural cells + GABAergic neural cells + astrocytes ,Homo sapiens,mm10,Neuronal,Glutamatergic neurons + GABAergic neurons + non-neuronal cell types,Normal,Mouse adult cerebral cortex,Mouse_Adult_Cerebral_Cortex,"matrix for each sample location/type: mouse cerebral cortex, HEK293T (human) HepG2 (human) and NIH/3T3 (mouse) cell line mix, mouse fetal forebrain",15191,2614863,Y,N,https://www.ncbi.nlm.nih.gov/geo/query/acc.cgi?acc=GSE130399,GEO,https://ndownloader.figshare.com/files/27408191?private_link=66b9bd55441ed88425ab,,
43,Zhu_Nature_2019,GSE130399,Zhu,Nature,2019,31695190,Paired-seq (scATAC-seq data only),custom procedure for Paired-seq sequencing + HiSeq 2500,raw counts,K Nearest Neighbor using SNAP-ATAC pipeline,N,8,N,4,neuronal progenitors + glutamatergic neural cells + GABAergic neural cells + astrocytes ,Homo sapiens + Mus musculus,mm10 + hg19,Neuronal,NIH/3T3 mouse cell line + HepG2 human cell line + HEK293T human cell line,Normal,Human and mouse cell lines were mixed and sequenced as a proof of principle of novel Paired-Seq sequencing method.,Human_Mouse_Mix,"matrix for each sample location/type: mouse cerebral cortex, HEK293T (human) HepG2 (human) and NIH/3T3 (mouse) cell line mix, mouse fetal forebrain",3359,1686735,Y,Y,https://www.ncbi.nlm.nih.gov/geo/query/acc.cgi?acc=GSE130399,GEO,https://ndownloader.figshare.com/files/27408182?private_link=66b9bd55441ed88425ab,https://ndownloader.figshare.com/files/28215051?private_link=66b9bd55441ed88425ab,
44,Zhu_Nature_2019,GSE130399,Zhu,Nature,2019,31695190,Paired-seq (scATAC-seq data only),custom procedure for Paired-seq sequencing + HiSeq 2500,raw counts,K Nearest Neighbor using SNAP-ATAC pipeline,N,8,N,4,neuronal progenitors + glutamatergic neural cells + GABAergic neural cells + astrocytes ,Mus musculus,mm10,Neuronal,Glutamatergic neurons + GABAergic neurons + non-neuronal cell types,Normal,Two embryonic mouse forebrain samples from ENCODE project from embryonic days 12.5 and 16.5 developmental stages,Mouse_Fetal_Forebrain,"matrix for each sample location/type: mouse cerebral cortex, HEK293T (human) HepG2 (human) and NIH/3T3 (mouse) cell line mix, mouse fetal forebrain",25845,2637315,Y,N,https://www.ncbi.nlm.nih.gov/geo/query/acc.cgi?acc=GSE130399,GEO,https://ndownloader.figshare.com/files/27408188?private_link=66b9bd55441ed88425ab,,
45,Satpathy_NatureMedicine_2018,GSE107817,Satpathy,Nature Medicine,2018,29686426,T-ATAC-seq,Modified C1 Single-Cell Auto Prep System (Fluidigm) ,raw counts,PCA Projection,N,3,Y,6,Jurkat,Homo sapiens,hg19,Immune,Jurkat cells,T cell leukemia,Jurkat leukemia T cell (immortalized cell line) used to test T-ATAC-seq sequencing performance. Data used to confirm sequencing method worked.,Jurkat_T_Cell,"matrix for cell type: 1 matrix of Jurkat T cell lymphocyte cell line, 1 matrix of T cells from peripheral blood sample of healthy patient, 1 matrix of T cells from peripheral blood sample of healthy patient szeary syndrome patient",384,114654,Y,Y,https://www.ncbi.nlm.nih.gov/geo/query/acc.cgi?acc=GSE107817,GEO,https://ndownloader.figshare.com/files/28861449?private_link=df59fc2c5f92537a29f7,https://ndownloader.figshare.com/files/28861452?private_link=df59fc2c5f92537a29f7,https://ndownloader.figshare.com/files/28861464?private_link=df59fc2c5f92537a29f7
46,Satpathy_NatureMedicine_2018,GSE107817,Satpathy,Nature Medicine,2018,29686426,T-ATAC-seq,Modified C1 Single-Cell Auto Prep System (Fluidigm) ,raw counts,PCA Projection,N,3,Y,6,LMPP + Monocytes + Naive CD4 T + Memory CD4 T + TH17 CD4 T,Homo sapiens,hg19,Immune,Naive T cells + Memory T cells + TH17 cells + CD26+ and CD26- CD4+ T cells,Normal,T cells sampled from peripheral blood of healthy patients,Healthy_Peripheral_Blood_T_Cell,"matrix for cell type: 1 matrix of Jurkat T cell lymphocyte cell line, 1 matrix of T cells from peripheral blood sample of healthy patient, 1 matrix of T cells from peripheral blood sample of healthy patient szeary syndrome patient",676,87360,Y,Y,https://www.ncbi.nlm.nih.gov/geo/query/acc.cgi?acc=GSE107817,GEO,https://ndownloader.figshare.com/files/28861407?private_link=df59fc2c5f92537a29f7,https://ndownloader.figshare.com/files/28861404?private_link=df59fc2c5f92537a29f7,https://ndownloader.figshare.com/files/28861419?private_link=df59fc2c5f92537a29f7
47,Satpathy_NatureMedicine_2018,GSE107817,Satpathy,Nature Medicine,2018,29686426,T-ATAC-seq,Modified C1 Single-Cell Auto Prep System (Fluidigm) ,raw counts,PCA Projection,N,3,Y,6,Naive CD4 T + Memory CD4 T,Homo sapiens,hg19,Immune,CD26+ and CD26- CD4+ T cells,Sezary (T cell lymphoma),T cells sampled from peripheral blood of Sezary Syndrome patients,Sezary_Peripheral_Blood_T_Cell,"matrix for cell type: 1 matrix of Jurkat T cell lymphocyte cell line, 1 matrix of T cells from peripheral blood sample of healthy patient, 1 matrix of T cells from peripheral blood sample of healthy patient szeary syndrome patient",292,87360,Y,Y,https://www.ncbi.nlm.nih.gov/geo/query/acc.cgi?acc=GSE107817,GEO,https://ndownloader.figshare.com/files/28861416?private_link=df59fc2c5f92537a29f7,https://ndownloader.figshare.com/files/28861413?private_link=df59fc2c5f92537a29f7,https://ndownloader.figshare.com/files/28861410?private_link=df59fc2c5f92537a29f7
48,Cao_Science_2018,GSE117089,Cao,Science,2018,30166440,sci-CAR (scATAC-seq data only),custom procedure for sci-CAR ATAC-seq + NextSeq 500,raw counts,N/A (scATAC-seq clustering not performed),N,N/A,N,10,active proliferating cells + collecting duct intercalated and principal cells + distal convoluted tubule cells + endothelial cells + loop of henle cells + medullary collecting duct cells + paranephric body adipocyte + podocyte + proximal tubule + renal pericyte,Homo sapiens,hg19,Lung,A549 cell line,Normal,A549 human cell line sequenced to test preformance,Human_A549,"matrix for cell type: 1 matrix of A549 cell line, another for cells from kidney sample",2006,189603,Y,Y,https://www.ncbi.nlm.nih.gov/geo/query/acc.cgi?acc=GSE117089,GEO,https://ndownloader.figshare.com/files/27408215?private_link=593725d9c0c056be6a70,https://ndownloader.figshare.com/files/27408221?private_link=593725d9c0c056be6a70,
49,Cao_Science_2018,GSE117089,Cao,Science,2018,30166440,sci-CAR (scATAC-seq data only),custom procedure for sci-CAR ATAC-seq + NextSeq 500,raw counts,N/A (scATAC-seq clustering not performed),N,N/A,N,10,active proliferating cells + collecting duct intercalated and principal cells + distal convoluted tubule cells + endothelial cells + loop of henle cells + medullary collecting duct cells + paranephric body adipocyte + podocyte + proximal tubule + renal pericyte,Mus musculus,mm10,Kidney,Adult mouse kidney cells,Normal,Whole kidney sample of two 8 week old adult male mice,Mouse_Adult_Kidney,"matrix for cell type: 1 matrix of A549 cell line, another for cells from kidney sample",13395,252741,Y,Y,https://www.ncbi.nlm.nih.gov/geo/query/acc.cgi?acc=GSE117089,GEO,https://ndownloader.figshare.com/files/27408218?private_link=593725d9c0c056be6a70,,
50,Bella_Nature_2021,GSE153163,Bella,Nature,2021,34163074,scATAC-seq,10x Genomics Chromium,raw counts,Seurat SNN graph clustering using SLM algorithm,N,18,N,18,Apical prog + Int prog + Mig neurons + Imm neurons + CR cells + CThPN + SCPN + Interneurons + Astrocytes + Oligodendrocytes + Microglia + Vascular cells,Mus musculus,mm10,Neuronal,Embryonic mouse cerebral cortex,Normal,Embryonic mouse cortex sampled at embryonic day 13.5,Embryonic_Day_13.5,"Matrix for each developmental timepoint (Embryonic day 13.5, day 15.5, day 18.5)",12964,152179,Y,N,https://www.ncbi.nlm.nih.gov/geo/query/acc.cgi?acc=GSE153163,GEO,https://ndownloader.figshare.com/files/28715916?private_link=bb8159f0f101ab824c9b,,
51,Bella_Nature_2021,GSE153163,Bella,Nature,2021,34163074,scATAC-seq,10x Genomics Chromium,raw counts,Seurat SNN graph clustering using SLM algorithm,N,18,N,18,Apical prog + Int prog + Mig neurons + Imm neurons + CR cells + CThPN + SCPN + Interneurons + Astrocytes + Oligodendrocytes + Microglia + Vascular cells,Mus musculus,mm10,Neuronal,Embryonic mouse cerebral cortex,Normal,Embryonic mouse cortex sampled at embryonic day 15.5,Embryonic_Day_15.5,"Matrix for each developmental timepoint (Embryonic day 13.5, day 15.5, day 18.5)",16549,186038,Y,N,https://www.ncbi.nlm.nih.gov/geo/query/acc.cgi?acc=GSE153163,GEO,https://ndownloader.figshare.com/files/28715904?private_link=bb8159f0f101ab824c9b,,
52,Bella_Nature_2021,GSE153163,Bella,Nature,2021,34163074,scATAC-seq,10x Genomics Chromium,raw counts,Seurat SNN graph clustering using SLM algorithm,N,18,N,18,Apical prog + Int prog + Mig neurons + Imm neurons + CR cells + CThPN + SCPN + Interneurons + Astrocytes + Oligodendrocytes + Microglia + Vascular cells,Mus musculus,mm10,Neuronal,Embryonic mouse cerebral cortex,Normal,Embryonic mouse cortex sampled at embryonic day 18.5,Embryonic_Day_18.5,"Matrix for each developmental timepoint (Embryonic day 13.5, day 15.5, day 18.5)",11088,147473,Y,N,https://www.ncbi.nlm.nih.gov/geo/query/acc.cgi?acc=GSE153163,GEO,https://ndownloader.figshare.com/files/28715913?private_link=bb8159f0f101ab824c9b,,
53,Fresh_embryonic_mouse_brain_Cell_Ranger_ATAC_1.2.0,atac_v1_E18_brain_fresh_5k_1.2,,10X Genomics Datasets,2019,N/A,scATAC-seq,10x Genomics Chromium,raw counts,Cell Ranger,Y,13,N,N/A,N/A,Mus musculus,mm10,Neuronal,Cortex + hippocampus + ventricular zone cells from embryonic mouse brain,Normal,"Embryonic mouse brain from fresh cortex, hippocampus, and ventricular zone",Fresh_Embryonic_Brain_CellRanger1.2,N/A,4008,198203,Y,Y,https://support.10xgenomics.com/single-cell-atac/datasets/1.2.0/atac_v1_E18_brain_fresh_5k,10X Genomics Datasets,https://ndownloader.figshare.com/files/27408419?private_link=b269041982e5755cc4f1,https://ndownloader.figshare.com/files/27408416?private_link=b269041982e5755cc4f1,https://ndownloader.figshare.com/files/27408422?private_link=b269041982e5755cc4f1
54,Fresh_embryonic_mouse_brain_Cell_Ranger_ATAC_1.1.0,atac_v1_E18_brain_fresh_5k_1.1,,10X Genomics Datasets,2019,N/A,scATAC-seq,10x Genomics Chromium,raw counts,Cell Ranger,Y,11,N,N/A,N/A,Mus musculus,mm10,Neuronal,Cortex + hippocampus + ventricular zone cells from embryonic mouse brain,Normal,"Embryonic mouse brain from fresh cortex, hippocampus, and ventricular zone",Fresh_Embryonic_Brain_CellRanger1.1,N/A,5380,87249,Y,Y,https://support.10xgenomics.com/single-cell-atac/datasets/1.1.0/atac_v1_E18_brain_fresh_5k,10X Genomics Datasets,https://ndownloader.figshare.com/files/27408443?private_link=71ce5c9efb015f59f43a,https://ndownloader.figshare.com/files/27408440?private_link=71ce5c9efb015f59f43a,https://ndownloader.figshare.com/files/27408446?private_link=71ce5c9efb015f59f43a
55,Dissociated_and_cryopreserved_embryonic_mouse_brain_Cell_Ranger_ATAC_1.2.0,atac_v1_E18_brain_cryo_5k_1.2,,10X Genomics Datasets,2019,N/A,scATAC-seq,10x Genomics Chromium,raw counts,Cell Ranger,Y,12,N,N/A,N/A,Mus musculus,mm10,Neuronal,Cortex + hippocampus + ventricular zone cells from embryonic mouse brain,Normal,"Embryonic mouse brain from dissociated and cryopreserved cortex, hippocampus, and ventricular zone",Cryopreserved_Embryonic_Brain_CellRanger1.2,N/A,4751,170615,Y,Y,https://support.10xgenomics.com/single-cell-atac/datasets/1.2.0/atac_v1_E18_brain_cryo_5k,10X Genomics Datasets,https://ndownloader.figshare.com/files/27408464?private_link=cbdcf7568872146de2c6,https://ndownloader.figshare.com/files/27408461?private_link=cbdcf7568872146de2c6,https://ndownloader.figshare.com/files/27408467?private_link=cbdcf7568872146de2c6
56,Dissociated_and_cryopreserved_embryonic_mouse_brain_Cell_Ranger_ATAC_1.1.0,atac_v1_E18_brain_cryo_5k_1.1,,10X Genomics Datasets,2019,N/A,scATAC-seq,10x Genomics Chromium,raw counts,Cell Ranger,Y,12,N,N/A,N/A,Mus musculus,mm10,Neuronal,Cortex + hippocampus + ventricular zone cells from embryonic mouse brain,Normal,"Embryonic mouse brain from dissociated and cryopreserved cortex, hippocampus, and ventricular zone",Cryopreserved_Embryonic_Brain_CellRanger1.1,N/A,6339,81381,Y,Y,https://support.10xgenomics.com/single-cell-atac/datasets/1.1.0/atac_v1_E18_brain_cryo_5k,10X Genomics Datasets,https://ndownloader.figshare.com/files/27413807?private_link=d637e448638c310aca57,https://ndownloader.figshare.com/files/27413798?private_link=d637e448638c310aca57,https://ndownloader.figshare.com/files/27413810?private_link=d637e448638c310aca57
57,Flash_frozen_embryonic_mouse_brain_Cell_Ranger_1.2.0,atac_v1_E18_brain_flash_5k_1.2,,10X Genomics Datasets,2019,N/A,scATAC-seq,10x Genomics Chromium,raw counts,Cell Ranger,Y,8,N,N/A,N/A,Mus musculus,mm10,Neuronal,Cortex + hippocampus + ventricular zone cells from embryonic mouse brain,Normal,"Embryonic mouse brain from flash frozen cortex, hippocampus, and ventricular zone",Flash_Frozen_Brain_CellRanger1.2,N/A,3789,55502,Y,Y,https://support.10xgenomics.com/single-cell-atac/datasets/1.2.0/atac_v1_E18_brain_flash_5k,10X Genomics Datasets,https://ndownloader.figshare.com/files/27413837?private_link=389fc16ff882065dcf82,https://ndownloader.figshare.com/files/27413834?private_link=389fc16ff882065dcf82,https://ndownloader.figshare.com/files/27413840?private_link=389fc16ff882065dcf82
58,Flash_frozen_embryonic_mouse_brain_Cell_Ranger_1.1.0,atac_v1_E18_brain_flash_5k_1.1,,10X Genomics Datasets,2019,N/A,scATAC-seq,10x Genomics Chromium,raw counts,Cell Ranger,Y,9,N,N/A,N/A,Mus musculus,mm10,Neuronal,Cortex + hippocampus + ventricular zone cells from embryonic mouse brain,Normal,"Embryonic mouse brain from flash frozen cortex, hippocampus, and ventricular zone",Flash_Frozen_Brain_CellRanger1.1,N/A,4580,55502,Y,Y,https://support.10xgenomics.com/single-cell-atac/datasets/1.1.0/atac_v1_E18_brain_flash_5k,10X Genomics Datasets,https://ndownloader.figshare.com/files/27413855?private_link=d26c1283e61bfbf66387,https://ndownloader.figshare.com/files/27413852?private_link=d26c1283e61bfbf66387,https://ndownloader.figshare.com/files/27413858?private_link=d26c1283e61bfbf66387
59,Fresh_cortex_adult_mouse_brain_Cell_Ranger_1.2.0,atac_v1_adult_brain_fresh_5k_1.2,,10X Genomics Datasets,2019,N/A,scATAC-seq,10x Genomics Chromium,raw counts,Cell Ranger,Y,16,N,N/A,N/A,Mus musculus,mm10,Neuronal,Cortex cells from adult mouse brain,Normal,Adult mouse brain from fresh cortex,Fresh_Adult_Brain_CellRanger1.2,N/A,3880,279559,Y,Y,https://support.10xgenomics.com/single-cell-atac/datasets/1.2.0/atac_v1_adult_brain_fresh_5k,10X Genomics Datasets,https://ndownloader.figshare.com/files/27413873?private_link=c16896003ca1590d0212,https://ndownloader.figshare.com/files/28215057?private_link=c16896003ca1590d0212,https://ndownloader.figshare.com/files/27413870?private_link=c16896003ca1590d0212
60,Fresh_cortex_adult_mouse_brain_Cell_Ranger_1.1.0,atac_v1_adult_brain_fresh_5k_1.1,,10X Genomics Datasets,2019,N/A,scATAC-seq,10x Genomics Chromium,raw counts,Cell Ranger,Y,13,N,N/A,N/A,Mus musculus,mm10,Neuronal,Cortex cells from adult mouse brain,Normal,Adult mouse brain from fresh cortex,Fresh_Adult_Brain_CellRanger1.1,N/A,5337,157797,Y,Y,https://support.10xgenomics.com/single-cell-atac/datasets/1.1.0/atac_v1_adult_brain_fresh_5k,10X Genomics Datasets,https://ndownloader.figshare.com/files/27413936?private_link=86ea14a38e5e0144db28,https://ndownloader.figshare.com/files/28215075?private_link=86ea14a38e5e0144db28,https://ndownloader.figshare.com/files/27413939?private_link=86ea14a38e5e0144db28
61,10k_PBMC_GEM_1.1_Cell_Ranger_1.1.0,atac_pbmc_10k_nextgem_1.1_CR_1.1.0,,10X Genomics Datasets,2019,N/A,scATAC-seq,10x Genomics Chromium,raw counts,Cell Ranger,Y,18,N,N/A,N/A,Homo sapiens,hg19,PBMC,PBMCs,Normal,Human PBMC cells from healthy donor,10k_PBMC_NextGEM_1.1_CellRanger1.1,N/A,10247,90686,Y,Y,https://support.10xgenomics.com/single-cell-atac/datasets/1.1.0/atac_pbmc_10k_nextgem,10X Genomics Datasets,https://ndownloader.figshare.com/files/28468434?private_link=f025bab868b869f7b9e8,https://ndownloader.figshare.com/files/28470003?private_link=f025bab868b869f7b9e8,https://ndownloader.figshare.com/files/28468437?private_link=f025bab868b869f7b9e8
62,10k_PBMC_GEM_1.1_Cell_Ranger_2.0.0,atac_pbmc_10k_nextgem_1.1_CR_1.1.0,,10X Genomics Datasets,2019,N/A,scATAC-seq,10x Genomics Chromium,raw counts,Cell Ranger,Y,18,N,N/A,N/A,Homo sapiens,hg19,PBMC,PBMCs,Normal,Human PBMC cells from healthy donor,10k_PBMC_NextGEM_1.1_CellRanger2.0.0,N/A,9688,144023,Y,N,https://support.10xgenomics.com/single-cell-atac/datasets/2.0.0/atac_pbmc_10k_nextgem,10X Genomics Datasets,https://ndownloader.figshare.com/files/28988361?private_link=e378c09fcdb1a31676a4,,https://ndownloader.figshare.com/files/28988355?private_link=e378c09fcdb1a31676a4
63,5k_PBMC_GEM_1.1_Cell_Ranger_2.0.0,atac_pbmc_5k_nextgem_1.1_CR_2.0.0,,10X Genomics Datasets,2019,N/A,scATAC-seq,10x Genomics Chromium,raw counts,Cell Ranger,Y,18,N,N/A,N/A,Homo sapiens,hg19,PBMC,PBMCs,Normal,Human PBMC cells from healthy donor,5k_PBMC_NextGEM_1.1_CellRanger2.0.0,N/A,4623,135377,Y,N,https://support.10xgenomics.com/single-cell-atac/datasets/2.0.0/atac_pbmc_5k_nextgem,10X Genomics Datasets,https://ndownloader.figshare.com/files/28988376?private_link=ebff43cab549fb91fa93,,https://ndownloader.figshare.com/files/28988379?private_link=ebff43cab549fb91fa93
64,1k_PBMC_GEM_1.1_Cell_Ranger_2.0.0,atac_pbmc_1k_nextgem_1.1_CR_2.0.0,,10X Genomics Datasets,2019,N/A,scATAC-seq,10x Genomics Chromium,raw counts,Cell Ranger,Y,18,N,N/A,N/A,Homo sapiens,hg19,PBMC,PBMCs,Normal,Human PBMC cells from healthy donor,1k_PBMC_NextGEM_1.1_CellRanger2.0.0,N/A,1004,82579,Y,N,https://support.10xgenomics.com/single-cell-atac/datasets/2.0.0/atac_pbmc_1k_nextgem,10X Genomics Datasets,https://ndownloader.figshare.com/files/28988415?private_link=52d8ac124b9788019272,,https://ndownloader.figshare.com/files/28988412?private_link=52d8ac124b9788019272
65,500_PBMC_GEM_1.1_Cell_Ranger_2.0.0,atac_pbmc_500_nextgem_1.1_CR_1.1.0,,10X Genomics Datasets,2019,N/A,scATAC-seq,10x Genomics Chromium,raw counts,Cell Ranger,Y,18,N,N/A,N/A,Homo sapiens,hg19,PBMC,PBMCs,Normal,Human PBMC cells from healthy donor,500_PBMC_NextGEM_1.1_CellRanger2.0.0,N/A,484,65908,Y,N,https://support.10xgenomics.com/single-cell-atac/datasets/2.0.0/atac_pbmc_500_nextgem,10X Genomics Datasets,https://ndownloader.figshare.com/files/28988424?private_link=d0b181abd446cdebb33e,,https://ndownloader.figshare.com/files/28988427?private_link=d0b181abd446cdebb33e
66,Domcke_Science_2020,GSE149683,Domcke,Science,2020,33184180,scATAC-seq,custom procedure for sci-ATAC-seq3 sequencing,raw counts,Louvain clustering,Y,12,Y,9,Adrenocortical cells + Stromal cells + Myeloid cells + Vascular endothelial cells + Chromaffin cells + Erythroblasts + Sympathoblasts + Megakaryocytes + Schwann cells,Homo sapiens,hg19,Adrenal,Adrenal,Normal,Human embryonic Adrenal cells sampled from several embryos at different timepoints (ranging from 89 to 125 days estimated postconceptual age).,Adrenal_Human_Embryonic,Matrix for each tissue type sampled from embryonic samples,63958,1050819,Y,N,https://descartes.brotmanbaty.org/bbi/human-chromatin-during-development/,Brotman Baty Institute's Descartes website,https://ndownloader.figshare.com/files/28965138?private_link=ecc10a02ff59ca5deb71,,https://ndownloader.figshare.com/files/29000745?private_link=ecc10a02ff59ca5deb71
67,Domcke_Science_2020,GSE149683,Domcke,Science,2020,33184180,scATAC-seq,custom procedure for sci-ATAC-seq3 sequencing,raw counts,Louvain clustering,Y,3,Y,4,Inhibitory interneurons + Purkinje neurons + Astrocytes + Granule neurons,Homo sapiens,hg19,Neuronal,Cerebellum,Normal,Human embryonic Cerebellum cells sampled from several embryos at different timepoints (ranging from 89 to 125 days estimated postconceptual age).,Cerebellum_Human_Embryonic,Matrix for each tissue type sampled from embryonic samples,3313,1050819,Y,N,https://descartes.brotmanbaty.org/bbi/human-chromatin-during-development/,Brotman Baty Institute's Descartes website,https://ndownloader.figshare.com/files/28965141?private_link=ecc10a02ff59ca5deb71,,https://ndownloader.figshare.com/files/29000748?private_link=ecc10a02ff59ca5deb71
68,Domcke_Science_2020,GSE149683,Domcke,Science,2020,33184180,scATAC-seq,custom procedure for sci-ATAC-seq3 sequencing,raw counts,Louvain clustering,Y,14,Y,8,Limbic system neurons + Excitatory neurons + Inhibitory neurons + SKOR2_NPSR1 positive cells + Astrocytes + Astrocytes/Oligodendrocytes + Vascular endothelial cells,Homo sapiens,hg19,Neuronal,Cerebrum,Normal,Human embryonic Cerebrum cells sampled from several embryos at different timepoints (ranging from 89 to 125 days estimated postconceptual age).,Cerebrum_Human_Embryonic,Matrix for each tissue type sampled from embryonic samples,85261,1050819,Y,N,https://descartes.brotmanbaty.org/bbi/human-chromatin-during-development/,Brotman Baty Institute's Descartes website,https://ndownloader.figshare.com/files/28965147?private_link=ecc10a02ff59ca5deb71,,https://ndownloader.figshare.com/files/29000751?private_link=ecc10a02ff59ca5deb71
69,Domcke_Science_2020,GSE149683,Domcke,Science,2020,33184180,scATAC-seq,custom procedure for sci-ATAC-seq3 sequencing,raw counts,Louvain clustering,Y,7,Y,8,Retinal progenitors + Muller glia + Photoreceptor cells + Horizontal cells + Amacrine cells + Ganglion cells + Vascular endothelial cells + Stromal cells + Retinal pigment cells,Homo sapiens,hg19,Eye,Eye,Normal,Human embryonic Eye cells sampled from several embryos at different timepoints (ranging from 89 to 125 days estimated postconceptual age).,Eye_Human_Embryonic,Matrix for each tissue type sampled from embryonic samples,9712,1050819,Y,N,https://descartes.brotmanbaty.org/bbi/human-chromatin-during-development/,Brotman Baty Institute's Descartes website,https://ndownloader.figshare.com/files/28965153?private_link=ecc10a02ff59ca5deb71,,https://ndownloader.figshare.com/files/29000754?private_link=ecc10a02ff59ca5deb71
70,Domcke_Science_2020,GSE149683,Domcke,Science,2020,33184180,scATAC-seq,custom procedure for sci-ATAC-seq3 sequencing,raw counts,Louvain clustering,Y,16,Y,14,Cardiomyocytes + Smooth muscle cells + ELF3_AGBL2 positive cells + Schwann cells + Lymphatic endothelial cells + Epicardial fat cells + Stromal cells + Lymphoid cells + Vascular endothelial cells + Cardiomyocytes/Vascular endothelial cells + Endocardial cells + Myeloid cells + Erythroblasts,Homo sapiens,hg19,Heart,Heart,Normal,Human embryonic Heart cells sampled from several embryos at different timepoints (ranging from 89 to 125 days estimated postconceptual age).,Heart_Human_Embryonic,Matrix for each tissue type sampled from embryonic samples,79248,1050819,Y,N,https://descartes.brotmanbaty.org/bbi/human-chromatin-during-development/,Brotman Baty Institute's Descartes website,https://ndownloader.figshare.com/files/28965174?private_link=ecc10a02ff59ca5deb71,,https://ndownloader.figshare.com/files/29000757?private_link=ecc10a02ff59ca5deb71
71,Domcke_Science_2020,GSE149683,Domcke,Science,2020,33184180,scATAC-seq,custom procedure for sci-ATAC-seq3 sequencing,raw counts,Louvain clustering,Y,17,Y,13,Intestinal epithelial cells + Lymphoid cells + Smooth muscle cells + ENS glia + Chromaffin cells + Vascular endothelial cells + Lymphatic endothelial cells + Mesothelial cells + Stromal cells + Intestine_Unknown.4 + Myeloid cells + ENS neurons,Homo sapiens,hg19,Intestine,Intestine,Normal,Human embryonic Intestine cells sampled from several embryos at different timepoints (ranging from 89 to 125 days estimated postconceptual age).,Intestine_Human_Embryonic,Matrix for each tissue type sampled from embryonic samples,42942,1050819,Y,N,https://descartes.brotmanbaty.org/bbi/human-chromatin-during-development/,Brotman Baty Institute's Descartes website,https://ndownloader.figshare.com/files/28965186?private_link=ecc10a02ff59ca5deb71,,https://ndownloader.figshare.com/files/29000709?private_link=ecc10a02ff59ca5deb71
72,Domcke_Science_2020,GSE149683,Domcke,Science,2020,33184180,scATAC-seq,custom procedure for sci-ATAC-seq3 sequencing,raw counts,Louvain clustering,Y,14,Y,9,Metanephric cells + Vascular endothelial cells + Stromal cells + Myeloid cells + Mesangial cells + Mesangial cells + Ureteric bud cells,Homo sapiens,hg19,Kidney,Kidney,Normal,Human embryonic Kidney cells sampled from several embryos at different timepoints (ranging from 89 to 125 days estimated postconceptual age).,Kidney_Human_Embryonic,Matrix for each tissue type sampled from embryonic samples,75490,1050819,Y,N,https://descartes.brotmanbaty.org/bbi/human-chromatin-during-development/,Brotman Baty Institute's Descartes website,https://ndownloader.figshare.com/files/28965198?private_link=ecc10a02ff59ca5deb71,,https://ndownloader.figshare.com/files/29000712?private_link=ecc10a02ff59ca5deb71
73,Domcke_Science_2020,GSE149683,Domcke,Science,2020,33184180,scATAC-seq,custom procedure for sci-ATAC-seq3 sequencing,raw counts,Louvain clustering,Y,14,Y,8,Erythroblasts + Hematopoietic stem cells + Hepatoblasts + Lymphoid cells + Myeloid cells + Vascular endothelial cells + Stellate cells + Megakaryocytes,Homo sapiens,hg19,Liver,Liver,Normal,Human embryonic Liver cells sampled from several embryos at different timepoints (ranging from 89 to 125 days estimated postconceptual age).,Liver_Human_Embryonic,Matrix for each tissue type sampled from embryonic samples,183175,1050819,Y,N,https://descartes.brotmanbaty.org/bbi/human-chromatin-during-development/,Brotman Baty Institute's Descartes website,https://ndownloader.figshare.com/files/28965210?private_link=ecc10a02ff59ca5deb71,,https://ndownloader.figshare.com/files/29000715?private_link=ecc10a02ff59ca5deb71
74,Domcke_Science_2020,GSE149683,Domcke,Science,2020,33184180,scATAC-seq,custom procedure for sci-ATAC-seq3 sequencing,raw counts,Louvain clustering,Y,14,Y,9,Stromal cells + Bronchiolar and alveolar epithelial cells + Ciliated epithelial cells + Lymphatic endothelial cells + Neuroendocrine cells + Megakaryocytes + Lymphoid cells + Vascular endothelial cells + Myeloid cells,Homo sapiens,hg19,Lung,Lung,Normal,Human embryonic Lung cells sampled from several embryos at different timepoints (ranging from 89 to 125 days estimated postconceptual age).,Lung_Human_Embryonic,Matrix for each tissue type sampled from embryonic samples,72662,1050819,Y, ,https://descartes.brotmanbaty.org/bbi/human-chromatin-during-development/,Brotman Baty Institute's Descartes website,https://ndownloader.figshare.com/files/28965216?private_link=ecc10a02ff59ca5deb71,,https://ndownloader.figshare.com/files/29000718?private_link=ecc10a02ff59ca5deb71
75,Domcke_Science_2020,GSE149683,Domcke,Science,2020,33184180,scATAC-seq,custom procedure for sci-ATAC-seq3 sequencing,raw counts,Louvain clustering,Y,11,Y,10,Skeletal muscle cells + Schwann cells + Stromal cells + Satellite cells + Vascular endothelial cells + Stromal cells + Smooth muscle cells + Lymphoid and Myeloid cells,Homo sapiens,hg19,Muscle,Muscle,Normal,Human embryonic Muscle cells sampled from several embryos at different timepoints (ranging from 89 to 125 days estimated postconceptual age).,Muscle_Human_Embryonic,Matrix for each tissue type sampled from embryonic samples,27181,1050819,Y,N,https://descartes.brotmanbaty.org/bbi/human-chromatin-during-development/,Brotman Baty Institute's Descartes website,https://ndownloader.figshare.com/files/28965231?private_link=ecc10a02ff59ca5deb71,,https://ndownloader.figshare.com/files/29000721?private_link=ecc10a02ff59ca5deb71
76,Domcke_Science_2020,GSE149683,Domcke,Science,2020,33184180,scATAC-seq,custom procedure for sci-ATAC-seq3 sequencing,raw counts,Louvain clustering,Y,6,Y,7,Acinar cells + Islet endocrine cells + Stromal cells + Ductal cells + Vascular endothelial cells + Lymphoid + Myeloid cells,Homo sapiens,hg19,Pancreas,Pancreas,Normal,Human embryonic Pancreas cells sampled from several embryos at different timepoints (ranging from 89 to 125 days estimated postconceptual age).,Pancreas_Human_Embryonic,Matrix for each tissue type sampled from embryonic samples,4994,1050819,Y,N,https://descartes.brotmanbaty.org/bbi/human-chromatin-during-development/,Brotman Baty Institute's Descartes website,https://ndownloader.figshare.com/files/28965234?private_link=ecc10a02ff59ca5deb71,,https://ndownloader.figshare.com/files/29000724?private_link=ecc10a02ff59ca5deb71
77,Domcke_Science_2020,GSE149683,Domcke,Science,2020,33184180,scATAC-seq,custom procedure for sci-ATAC-seq3 sequencing,raw counts,Louvain clustering,Y,14,Y,12,Syncytiotrophoblast and villous cytotrophoblasts + Myeloid cells + Extravillous trophoblasts + Lymphoid cells + Erythroblasts + PAEP_MECOM positive cells + IGFBP1_DKK1 positive cells + Syncytiotrophoblasts and villous cytotrophoblasts + Trophoblast giant cells + Stromal cells + Smooth muscle cells + Vascular endothelial cells,Homo sapiens,hg19,Placenta,Placenta,Normal,Human embryonic Placenta cells sampled from several embryos at different timepoints (ranging from 89 to 125 days estimated postconceptual age).,Placenta_Human_Embryonic,Matrix for each tissue type sampled from embryonic samples,45181,1050819,Y,N,https://descartes.brotmanbaty.org/bbi/human-chromatin-during-development/,Brotman Baty Institute's Descartes website,https://ndownloader.figshare.com/files/28965120?private_link=ecc10a02ff59ca5deb71,,https://ndownloader.figshare.com/files/29000730?private_link=ecc10a02ff59ca5deb71
78,Domcke_Science_2020,GSE149683,Domcke,Science,2020,33184180,scATAC-seq,custom procedure for sci-ATAC-seq3 sequencing,raw counts,Louvain clustering,Y,3,Y,4,Stromal cells + Vascular endothelial cells + Megakaryocytes + Myeloid cells,Homo sapiens,hg19,Spleen,Spleen,Normal,Human embryonic Spleen cells sampled from several embryos at different timepoints (ranging from 89 to 125 days estimated postconceptual age).,Spleen_Human_Embryonic,Matrix for each tissue type sampled from embryonic samples,2157,1050819,Y,N,https://descartes.brotmanbaty.org/bbi/human-chromatin-during-development/,Brotman Baty Institute's Descartes website,https://ndownloader.figshare.com/files/28965123?private_link=ecc10a02ff59ca5deb71,,https://ndownloader.figshare.com/files/29000733?private_link=ecc10a02ff59ca5deb71
79,Domcke_Science_2020,GSE149683,Domcke,Science,2020,33184180,scATAC-seq,custom procedure for sci-ATAC-seq3 sequencing,raw counts,Louvain clustering,Y,6,Y,7,Stromal cells + Goblet cells + Vascular endothelial cells + ENS glia + ENS neurons + Parietal and chief cells + Epithelial cells,Homo sapiens,hg19,Stomach,Stomach,Normal,Human embryonic Stomach cells sampled from several embryos at different timepoints (ranging from 89 to 125 days estimated postconceptual age).,Stomach_Human_Embryonic,Matrix for each tissue type sampled from embryonic samples,3840,1050819,Y,N,https://descartes.brotmanbaty.org/bbi/human-chromatin-during-development/,Brotman Baty Institute's Descartes website,https://ndownloader.figshare.com/files/28965126?private_link=ecc10a02ff59ca5deb71,,https://ndownloader.figshare.com/files/29000739?private_link=ecc10a02ff59ca5deb71
80,Domcke_Science_2020,GSE149683,Domcke,Science,2020,33184180,scATAC-seq,custom procedure for sci-ATAC-seq3 sequencing,raw counts,Louvain clustering,Y,6,Y,4,Thymocytes + Vascular endothelial cells + Antigen presenting cells + Thymic epithelial cells,Homo sapiens,hg19,Thymus,Thymus,Normal,Human embryonic Thymus cells sampled from several embryos at different timepoints (ranging from 89 to 125 days estimated postconceptual age).,Thymus_Human_Embryonic,Matrix for each tissue type sampled from embryonic samples,21499,1050819,Y,N,https://descartes.brotmanbaty.org/bbi/human-chromatin-during-development/,Brotman Baty Institute's Descartes website,https://ndownloader.figshare.com/files/28965129?private_link=ecc10a02ff59ca5deb71,,https://ndownloader.figshare.com/files/29000742?private_link=ecc10a02ff59ca5deb71
81,Xu_HumanMolecularGenetics_2021,GSE158398,Xu,Human Molecular Genetics,2021,33564857,scATAC-seq,10x Genomics Chromium,raw counts,Louvain clustering,N,N/A,N,N/A,Cancer cells + Cancer stem cells + CYCL14 cancer cells + Naive T cells + CD8 Effector T cells + B cells + Macrophages + Myeloid cells + Mature DC cells + Plasma cells + Endothelial cells + Pericytes + Myofibrolasts + Cycling cells,Homo sapiens,hg38,Breast cancer lymph node,Breast cancer positive lymph node,Luminal B breast cancer,"Human lymph node cells sampled from a luminal B breast cancer patients positive lymph node, indicating that the breast cancer has metastasized to the lymph node",Breast_Cancer_Positive_Lymph_Node,"One matrix sampled from positive lymph node containing metastasized cancer cells, another matrix sampled from negative lymph node containing no metastasized cancer cells",7202,87851,Y,N,https://www.ncbi.nlm.nih.gov/geo/query/acc.cgi?acc=GSE158398,GEO,https://figshare.com/ndownloader/files/35584430?private_link=bbb0419037db6910a9f0,,
82,Xu_HumanMolecularGenetics_2021,GSE158398,Xu,Human Molecular Genetics,2021,33564857,scATAC-seq,10x Genomics Chromium,raw counts,Louvain clustering,N,N/A,N,N/A,Cancer cells + Cancer stem cells + CYCL14 cancer cells + Naive T cells + CD8 Effector T cells + B cells + Macrophages + Myeloid cells + Mature DC cells + Plasma cells + Endothelial cells + Pericytes + Myofibrolasts + Cycling cells,Homo sapiens,hg38,Breast cancer lymph node,Breast cancer negative lymph node,Luminal B breast cancer,"Human lymph node cells sampled from a luminal B breast cancer patients negative lymph node, indicating that the breast cancer has not metastasized to the lymph node",Breast_Cancer_Negative_Lymph_Node,"One matrix sampled from positive lymph node containing metastasized cancer cells, another matrix sampled from negative lymph node containing no metastasized cancer cells",5642,76850,Y,N,https://www.ncbi.nlm.nih.gov/geo/query/acc.cgi?acc=GSE158398,GEO,https://figshare.com/ndownloader/files/35584460?private_link=bbb0419037db6910a9f0,,
83,Ranzoni_CellStemCell_2021,E-MTAB-9068,Ranzoni,Cell Stem Cell,2021,33352111,scATAC-seq,Hiseq 2000,raw counts,Louvain clustering,N,N/A,N,N/A,Hematopoietic stem cells + MK-erythroid-mast progenitors + Granulocytic progenitors + Ly-My progenitors,Homo sapiens,hg38,Embryonic + Hematopoietic + Stem,Fetal hematopoiesis,Normal,"Human fetal hematopoiesis cells from 17-22 post conception week timepoint human fetal liver, femur, and hip samples",Fetal_Hematopoiesis,N/A,3611,152282,Y,N,https://gitlab.com/cvejic-group/integrative-scrna-scatac-human-foetal#data,Gitlab,https://figshare.com/ndownloader/files/35584610?private_link=8ec8eaffb49ec59fbb30,,
84,Avagyan_BloodAdvances_2021,GSE151230,Avagyan,Blood Advances,2021,34170284,scATAC-seq,10x Genomics Chromium,raw counts,Seurat SNN graph clustering,N,N,N,N,Hematopoietic stem and progenitor cells + Hematopoietic progenitor cells + Myeloid progenitor cells + Lymphoid progenitor cells + Erythroid progenitor cells + B cell progenitor cells + Granulocytes + B cells + T cells + Erythrocytes,Danio rerio,GRCz10,Hematopoietic + Stem,gata2b deficient hematopoiesis cells,GATA2 deficiency syndrome,"Cells from adult zebrafish that were wildtype, modified with CRISPER-cas9  to be KO or heterozygous mutants as a model for human GATA2 deficiency syndrome",Zebrafish_GATA2_Mutation,N/A,12354,149360,Y,N,https://www.ncbi.nlm.nih.gov/geo/query/acc.cgi?acc=GSE151230,GEO,https://figshare.com/ndownloader/files/35584670?private_link=c5e6bac41282a89f161f,,
